CREATE DATABASE  IF NOT EXISTS `fullstack_db` /*!40100 DEFAULT CHARACTER SET utf8mb4 COLLATE utf8mb4_0900_ai_ci */ /*!80016 DEFAULT ENCRYPTION='N' */;
USE `fullstack_db`;
-- MySQL dump 10.13  Distrib 8.0.21, for Win64 (x86_64)
--
-- Host: localhost    Database: fullstack_db
-- ------------------------------------------------------
-- Server version	8.0.21

/*!40101 SET @OLD_CHARACTER_SET_CLIENT=@@CHARACTER_SET_CLIENT */;
/*!40101 SET @OLD_CHARACTER_SET_RESULTS=@@CHARACTER_SET_RESULTS */;
/*!40101 SET @OLD_COLLATION_CONNECTION=@@COLLATION_CONNECTION */;
/*!50503 SET NAMES utf8 */;
/*!40103 SET @OLD_TIME_ZONE=@@TIME_ZONE */;
/*!40103 SET TIME_ZONE='+00:00' */;
/*!40014 SET @OLD_UNIQUE_CHECKS=@@UNIQUE_CHECKS, UNIQUE_CHECKS=0 */;
/*!40014 SET @OLD_FOREIGN_KEY_CHECKS=@@FOREIGN_KEY_CHECKS, FOREIGN_KEY_CHECKS=0 */;
/*!40101 SET @OLD_SQL_MODE=@@SQL_MODE, SQL_MODE='NO_AUTO_VALUE_ON_ZERO' */;
/*!40111 SET @OLD_SQL_NOTES=@@SQL_NOTES, SQL_NOTES=0 */;

--
-- Table structure for table `accounts`
--

DROP TABLE IF EXISTS `accounts`;
/*!40101 SET @saved_cs_client     = @@character_set_client */;
/*!50503 SET character_set_client = utf8mb4 */;
CREATE TABLE `accounts` (
  `account_id` int NOT NULL AUTO_INCREMENT,
  `institution_id` int NOT NULL,
  `user_id` int NOT NULL,
  `account_number` varchar(10) DEFAULT NULL,
  `account_type` varchar(20) NOT NULL,
  `balance` decimal(13,2) NOT NULL,
  `creation_date` datetime NOT NULL,
  `updated_time` datetime NOT NULL,
  PRIMARY KEY (`account_id`),
  KEY `institution_id_idx` (`institution_id`),
  KEY `fk_user_id_idx` (`user_id`),
  CONSTRAINT `fk_institution_id` FOREIGN KEY (`institution_id`) REFERENCES `institutions` (`institution_id`),
  CONSTRAINT `fk_user_id` FOREIGN KEY (`user_id`) REFERENCES `users` (`user_id`)
) ENGINE=InnoDB AUTO_INCREMENT=168 DEFAULT CHARSET=utf8mb4 COLLATE=utf8mb4_0900_ai_ci;
/*!40101 SET character_set_client = @saved_cs_client */;

--
-- Dumping data for table `accounts`
--

LOCK TABLES `accounts` WRITE;
/*!40000 ALTER TABLE `accounts` DISABLE KEYS */;
INSERT INTO `accounts` VALUES (1,2,1,'4721475626','Savings',99900.29,'2002-03-15 00:00:00','2020-12-22 15:56:00'),(2,7,1,'8176012490','Savings',68851.33,'2017-03-30 00:00:00','2020-12-22 15:56:00'),(3,8,2,'2893769327','Savings',18427.63,'2011-04-20 00:00:00','2020-12-22 15:56:00'),(4,2,3,'6490988332','Savings',25980.94,'2006-10-22 00:00:00','2020-12-22 15:56:00'),(5,4,4,'1805321554','Savings',43596.47,'2010-06-18 00:00:00','2020-12-22 15:56:00'),(6,8,4,'7236731224','Savings',25459.09,'2019-08-15 00:00:00','2020-12-22 15:56:00'),(7,1,4,'1672000194','Savings',28374.98,'2000-08-29 00:00:00','2020-12-22 15:56:00'),(8,5,5,'4246086080','Savings',66214.57,'2013-10-31 00:00:00','2020-12-22 15:56:00'),(9,5,5,'8076649600','Savings',66218.21,'2001-02-25 00:00:00','2020-12-22 15:56:00'),(10,2,6,'8431434523','Savings',50687.82,'2010-05-18 00:00:00','2020-12-22 15:56:00'),(11,6,7,'1090866387','Savings',84157.52,'2015-01-18 00:00:00','2020-12-22 15:56:00'),(12,7,7,'4106404448','Savings',61785.81,'2005-10-20 00:00:00','2020-12-22 15:56:00'),(13,5,7,'6855873810','Savings',87036.23,'2006-10-16 00:00:00','2020-12-22 15:56:00'),(14,8,8,'1316213200','Savings',60222.19,'2005-10-25 00:00:00','2020-12-22 15:56:00'),(15,4,9,'2941274851','Savings',84410.68,'2001-01-05 00:00:00','2020-12-22 15:56:00'),(16,7,10,'9422653680','Savings',71655.45,'2006-04-27 00:00:00','2020-12-22 15:56:00'),(17,7,10,'6917459075','Savings',33878.16,'2020-05-19 00:00:00','2020-12-22 15:56:00'),(18,5,11,'2126631430','Savings',59445.81,'2000-03-11 00:00:00','2020-12-22 15:56:00'),(19,1,12,'9910334248','Savings',35458.28,'2015-09-01 00:00:00','2020-12-22 15:56:00'),(20,5,12,'8447117888','Savings',2374.82,'2004-10-27 00:00:00','2020-12-22 15:56:00'),(21,5,12,'3547097010','Savings',16095.49,'2014-06-16 00:00:00','2020-12-22 15:56:00'),(22,3,13,'5806388258','Savings',25938.34,'2010-09-27 00:00:00','2020-12-22 15:56:00'),(23,2,13,'5249477576','Savings',29335.88,'2010-03-15 00:00:00','2020-12-22 15:56:00'),(24,5,13,'7612318127','Savings',11276.99,'2016-01-20 00:00:00','2020-12-22 15:56:00'),(25,2,14,'2783413614','Savings',89517.17,'2013-01-19 00:00:00','2020-12-22 15:56:00'),(26,4,14,'7659634228','Savings',16452.67,'2002-05-24 00:00:00','2020-12-22 15:56:00'),(27,8,15,'9183229700','Savings',23698.10,'2016-12-31 00:00:00','2020-12-22 15:56:00'),(28,2,16,'1929235604','Savings',56642.91,'2016-05-17 00:00:00','2020-12-22 15:56:00'),(29,5,16,'6833211636','Savings',11853.76,'2015-03-14 00:00:00','2020-12-22 15:56:00'),(30,3,16,'4264808750','Savings',82996.39,'2005-03-22 00:00:00','2020-12-22 15:56:00'),(31,8,17,'9697533525','Savings',52342.81,'2006-05-12 00:00:00','2020-12-22 15:56:00'),(32,6,17,'9847904776','Savings',91287.61,'2003-09-16 00:00:00','2020-12-22 15:56:00'),(33,8,17,'5639659548','Savings',3774.86,'2006-09-25 00:00:00','2020-12-22 15:56:00'),(34,3,18,'4393003640','Savings',90174.61,'2019-01-05 00:00:00','2020-12-22 15:56:00'),(35,2,18,'4218189756','Savings',87942.22,'2020-06-23 00:00:00','2020-12-22 15:56:00'),(36,2,18,'9906770673','Savings',32904.53,'2015-11-17 00:00:00','2020-12-22 15:56:00'),(37,8,18,'9819506911','Savings',12381.47,'2013-07-03 00:00:00','2020-12-22 15:56:00'),(38,2,19,'2988039758','Savings',16817.90,'2009-09-07 00:00:00','2020-12-22 15:56:00'),(39,4,1,'6812082319','Current',44683.58,'2010-05-13 00:00:00','2020-12-22 15:56:00'),(40,8,1,'9946214140','Current',78181.81,'2007-10-23 00:00:00','2020-12-22 15:56:00'),(41,8,2,'8155508326','Current',6898.35,'2009-09-20 00:00:00','2020-12-22 15:56:00'),(42,6,2,'5633472419','Current',49581.21,'2007-02-11 00:00:00','2020-12-22 15:56:00'),(43,5,2,'5761644686','Current',44769.03,'2016-06-12 00:00:00','2020-12-22 15:56:00'),(44,2,3,'6506162430','Current',9038.41,'2006-07-30 00:00:00','2020-12-22 15:56:00'),(45,7,3,'5034335421','Current',52815.26,'2003-11-14 00:00:00','2020-12-22 15:56:00'),(46,6,4,'3139679531','Current',58275.55,'2016-06-22 00:00:00','2020-12-22 15:56:00'),(47,8,4,'4946490805','Current',91396.14,'2011-09-12 00:00:00','2020-12-22 15:56:00'),(48,8,8,'3848161085','Current',19216.69,'2004-06-29 00:00:00','2020-12-22 15:56:00'),(49,2,8,'6568011178','Current',44528.87,'2005-10-14 00:00:00','2020-12-22 15:56:00'),(50,5,8,'6922758648','Current',83944.81,'2000-06-04 00:00:00','2020-12-22 15:56:00'),(51,1,8,'7547286366','Current',45161.07,'2020-01-29 00:00:00','2020-12-22 15:56:00'),(52,2,10,'5348276655','Current',6473.57,'2014-09-30 00:00:00','2020-12-22 15:56:00'),(53,7,10,'5538084496','Current',65619.63,'2012-03-18 00:00:00','2020-12-22 15:56:00'),(54,3,13,'1407669773','Current',37709.34,'2013-03-16 00:00:00','2020-12-22 15:56:00'),(55,3,14,'1540182045','Current',28831.17,'2011-02-07 00:00:00','2020-12-22 15:56:00'),(56,1,14,'4684375813','Current',94372.63,'2008-01-07 00:00:00','2020-12-22 15:56:00'),(57,6,14,'5566729728','Current',8568.51,'2000-10-24 00:00:00','2020-12-22 15:56:00'),(58,3,17,'9959149519','Current',69143.65,'2020-09-26 00:00:00','2020-12-22 15:56:00'),(59,8,17,'1904430232','Current',44379.10,'2020-09-19 00:00:00','2020-12-22 15:56:00'),(60,3,18,'2214816958','Current',92161.47,'2014-06-26 00:00:00','2020-12-22 15:56:00'),(61,7,19,'3081986446','Current',86557.97,'2019-12-25 00:00:00','2020-12-22 15:56:00'),(62,8,19,'6328736473','Current',78788.19,'2012-12-29 00:00:00','2020-12-22 15:56:00'),(63,6,20,'6901657131','Current',75426.89,'2000-10-06 00:00:00','2020-12-22 15:56:00'),(64,7,20,'8533357414','Current',98953.31,'2008-07-13 00:00:00','2020-12-22 15:56:00'),(65,9,2,'4776812075','Investment',57262.71,'2016-03-20 00:00:00','2020-12-31 10:17:25'),(66,10,2,'4657317357','Investment',13975.33,'2017-07-20 00:00:00','2020-12-22 15:56:00'),(67,9,3,'6560300049','Investment',93050.02,'2015-08-23 00:00:00','2020-12-22 15:56:00'),(68,9,3,'4017083736','Investment',15089.25,'2006-04-13 00:00:00','2021-01-04 15:48:02'),(69,9,3,'4254899378','Investment',37147.67,'2001-02-23 00:00:00','2020-12-22 15:56:00'),(70,10,4,'8210470981','Investment',47691.18,'2013-08-16 00:00:00','2020-12-22 15:56:00'),(71,10,5,'9045734606','Investment',96224.05,'2010-11-18 00:00:00','2020-12-22 15:56:00'),(72,10,5,'7030900687','Investment',15219.30,'2011-06-07 00:00:00','2020-12-22 15:56:00'),(73,10,6,'5691028869','Investment',94386.46,'2014-08-03 00:00:00','2020-12-22 15:56:00'),(74,9,6,'3299724273','Investment',7114.68,'2017-09-13 00:00:00','2020-12-22 15:56:00'),(75,9,7,'6500460697','Investment',19985.30,'2014-08-10 00:00:00','2020-12-22 15:56:00'),(76,9,7,'2638737044','Investment',2523.29,'2018-09-14 00:00:00','2020-12-22 15:56:00'),(77,10,8,'4418329394','Investment',5397.98,'2004-03-19 00:00:00','2020-12-22 15:56:00'),(78,9,9,'3673414364','Investment',26908.15,'2004-05-17 00:00:00','2020-12-22 15:56:00'),(79,10,9,'6399053578','Investment',9227.82,'2014-12-29 00:00:00','2020-12-22 15:56:00'),(80,9,10,'9925552991','Investment',2837.36,'2016-08-24 00:00:00','2020-12-22 15:56:00'),(81,10,11,'7641525611','Investment',23277.44,'2015-09-18 00:00:00','2020-12-22 15:56:00'),(82,10,11,'8108514522','Investment',69890.46,'2018-05-02 00:00:00','2020-12-22 15:56:00'),(83,9,12,'2306998436','Investment',68913.89,'2009-10-05 00:00:00','2020-12-22 15:56:00'),(84,10,14,'7029166370','Investment',77776.35,'2013-02-25 00:00:00','2020-12-22 15:56:00'),(85,10,15,'6037930165','Investment',87415.17,'2012-10-27 00:00:00','2020-12-22 15:56:00'),(86,9,15,'6007169942','Investment',83408.08,'2015-10-02 00:00:00','2020-12-22 15:56:00'),(87,9,16,'3470764014','Investment',26259.78,'2013-11-27 00:00:00','2020-12-22 15:56:00'),(88,10,17,'8625970664','Investment',95680.85,'2008-03-27 00:00:00','2020-12-22 15:56:00'),(89,9,18,'6392490089','Investment',30641.25,'2013-05-20 00:00:00','2020-12-22 15:56:00'),(90,9,20,'6816490845','Investment',97365.92,'2006-09-29 00:00:00','2020-12-22 15:56:00'),(91,9,20,'8697769930','Investment',28533.87,'2016-01-27 00:00:00','2020-12-22 15:56:00'),(92,7,1,'487845678','Fixed Deposit',76901.56,'2018-04-08 00:00:00','2020-12-22 15:56:00'),(93,6,1,'9706944713','Fixed Deposit',69147.00,'2009-02-10 00:00:00','2020-12-27 16:50:47'),(94,7,2,'5489240172','Fixed Deposit',6830.71,'2017-06-22 00:00:00','2021-01-03 16:42:31'),(95,8,5,'2518375237','Fixed Deposit',31202.11,'2015-04-15 00:00:00','2020-12-22 15:56:00'),(96,2,6,'8520736752','Fixed Deposit',19932.47,'2011-04-02 00:00:00','2020-12-22 15:56:00'),(97,6,6,'6609237568','Fixed Deposit',96710.94,'2013-04-13 00:00:00','2020-12-22 15:56:00'),(98,8,9,'2298350458','Fixed Deposit',27494.01,'2010-01-12 00:00:00','2020-12-22 15:56:00'),(99,7,9,'4026397330','Fixed Deposit',8329.27,'2016-04-19 00:00:00','2020-12-22 15:56:00'),(100,8,10,'9471139654','Fixed Deposit',18032.86,'2005-11-15 00:00:00','2020-12-22 15:56:00'),(101,1,10,'1051873224','Fixed Deposit',87188.29,'2018-01-02 00:00:00','2020-12-22 15:56:00'),(102,8,11,'7776725923','Fixed Deposit',60329.29,'2000-06-11 00:00:00','2020-12-22 15:56:00'),(103,5,11,'5516628725','Fixed Deposit',18631.24,'2001-03-30 00:00:00','2020-12-22 15:56:00'),(104,7,11,'7847407157','Fixed Deposit',94275.16,'2003-11-18 00:00:00','2020-12-22 15:56:00'),(105,1,13,'7641416856','Fixed Deposit',73003.78,'2009-06-19 00:00:00','2020-12-22 15:56:00'),(106,4,14,'5068879380','Fixed Deposit',19937.90,'2003-10-03 00:00:00','2020-12-22 15:56:00'),(107,2,15,'8296504668','Fixed Deposit',32346.35,'2011-04-02 00:00:00','2020-12-22 15:56:00'),(108,4,15,'1156803319','Fixed Deposit',86962.53,'2002-07-26 00:00:00','2020-12-22 15:56:00'),(109,3,15,'9769459028','Fixed Deposit',17877.28,'2017-03-07 00:00:00','2020-12-22 15:56:00'),(110,2,16,'8967748615','Fixed Deposit',21807.24,'2009-04-03 00:00:00','2020-12-22 15:56:00'),(111,5,17,'3966864186','Fixed Deposit',81729.25,'2009-12-17 00:00:00','2020-12-22 15:56:00'),(112,7,18,'8290453008','Fixed Deposit',35441.16,'2004-01-11 00:00:00','2020-12-22 15:56:00'),(113,5,18,'2859569534','Fixed Deposit',45045.03,'2002-05-04 00:00:00','2020-12-22 15:56:00'),(114,3,19,'1732196779','Fixed Deposit',68720.05,'2018-10-28 00:00:00','2020-12-22 15:56:00'),(115,1,19,'5291454452','Fixed Deposit',44598.25,'2019-06-09 00:00:00','2020-12-22 15:56:00'),(116,1,20,'9568151490','Fixed Deposit',88591.33,'2011-06-04 00:00:00','2020-12-22 15:56:00'),(117,5,20,'8501727061','Fixed Deposit',26936.41,'2007-12-25 00:00:00','2020-12-22 15:56:00'),(118,11,1,'4404833911','Special Account',74094.15,'2013-09-04 00:00:00','2020-12-22 15:56:00'),(119,11,2,'6403968528','Special Account',68267.07,'2020-09-09 00:00:00','2020-12-22 15:56:00'),(120,11,3,'8860709418','Special Account',95824.84,'2007-05-31 00:00:00','2020-12-22 15:56:00'),(121,11,4,'1478722614','Special Account',65988.56,'2000-04-09 00:00:00','2020-12-22 15:56:00'),(122,11,5,'1512401231','Special Account',40200.49,'2004-09-15 00:00:00','2020-12-22 15:56:00'),(123,11,6,'2297884805','Special Account',36519.50,'2013-05-17 00:00:00','2020-12-22 15:56:00'),(124,11,7,'1670990355','Special Account',46269.93,'2001-07-24 00:00:00','2020-12-22 15:56:00'),(125,11,8,'8794845415','Special Account',97382.22,'2010-08-09 00:00:00','2020-12-22 15:56:00'),(126,11,9,'2308525046','Special Account',86652.88,'2015-02-22 00:00:00','2020-12-22 15:56:00'),(127,11,10,'5360758251','Special Account',94360.14,'2011-12-17 00:00:00','2020-12-22 15:56:00'),(128,11,1,'2638640698','Ordinary Account',32628.59,'2013-09-04 00:00:00','2020-12-22 15:56:00'),(129,11,2,'9011975515','Ordinary Account',72381.62,'2020-09-09 00:00:00','2020-12-22 15:56:00'),(130,11,3,'3806507425','Ordinary Account',60135.63,'2007-05-31 00:00:00','2020-12-22 15:56:00'),(131,11,4,'8438831987','Ordinary Account',52605.95,'2000-04-09 00:00:00','2020-12-22 15:56:00'),(132,11,5,'7268109898','Ordinary Account',81683.03,'2004-09-15 00:00:00','2020-12-22 15:56:00'),(133,11,6,'2516530996','Ordinary Account',19450.01,'2013-05-17 00:00:00','2020-12-22 15:56:00'),(134,11,7,'4336794104','Ordinary Account',34746.57,'2001-07-24 00:00:00','2020-12-22 15:56:00'),(135,11,8,'4301664400','Ordinary Account',34626.19,'2010-08-09 00:00:00','2020-12-22 15:56:00'),(136,11,9,'4638811862','Ordinary Account',37674.14,'2015-02-22 00:00:00','2020-12-22 15:56:00'),(137,11,10,'5015936222','Ordinary Account',4471.60,'2011-12-17 00:00:00','2020-12-22 15:56:00'),(138,11,1,'4961372896','Medisave Account',62011.20,'2013-09-04 00:00:00','2020-12-22 15:56:00'),(139,11,2,'3088049790','Medisave Account',82205.27,'2020-09-09 00:00:00','2020-12-22 15:56:00'),(140,11,3,'5882529745','Medisave Account',73764.44,'2007-05-31 00:00:00','2020-12-22 15:56:00'),(141,11,4,'5959597720','Medisave Account',79922.29,'2000-04-09 00:00:00','2020-12-22 15:56:00'),(142,11,5,'4782803605','Medisave Account',14429.03,'2004-09-15 00:00:00','2020-12-22 15:56:00'),(143,11,6,'4546629711','Medisave Account',60240.36,'2013-05-17 00:00:00','2020-12-22 15:56:00'),(144,11,7,'8441034481','Medisave Account',59035.39,'2001-07-24 00:00:00','2020-12-22 15:56:00'),(145,11,8,'7809260609','Medisave Account',96363.85,'2010-08-09 00:00:00','2020-12-22 15:56:00'),(146,11,9,'7431532143','Medisave Account',58957.34,'2015-02-22 00:00:00','2020-12-22 15:56:00'),(147,11,10,'6534986821','Medisave Account',41567.30,'2011-12-17 00:00:00','2020-12-22 15:56:00');
/*!40000 ALTER TABLE `accounts` ENABLE KEYS */;
UNLOCK TABLES;

--
-- Table structure for table `institutions`
--

DROP TABLE IF EXISTS `institutions`;
/*!40101 SET @saved_cs_client     = @@character_set_client */;
/*!50503 SET character_set_client = utf8mb4 */;
CREATE TABLE `institutions` (
  `institution_id` int NOT NULL AUTO_INCREMENT,
  `short_name` varchar(10) NOT NULL,
  `full_name` varchar(50) NOT NULL,
  PRIMARY KEY (`institution_id`),
  UNIQUE KEY `bank_id_UNIQUE` (`institution_id`),
  UNIQUE KEY `short_name_UNIQUE` (`short_name`),
  UNIQUE KEY `full_name_UNIQUE` (`full_name`)
) ENGINE=InnoDB AUTO_INCREMENT=12 DEFAULT CHARSET=utf8mb4 COLLATE=utf8mb4_0900_ai_ci;
/*!40101 SET character_set_client = @saved_cs_client */;

--
-- Dumping data for table `institutions`
--

LOCK TABLES `institutions` WRITE;
/*!40000 ALTER TABLE `institutions` DISABLE KEYS */;
INSERT INTO `institutions` VALUES (1,'DBS','Development Bank of Singapore'),(2,'UOB','United Overseas Bank'),(3,'OCBC','Oversea-Chinese Banking Corporation'),(4,'StanChart','Standard Chartered Bank'),(5,'Citi','Citi Singapore'),(6,'HSBC','The Hongkong and Shanghai Banking Corporation'),(7,'BOC','Bank of China'),(8,'Maybank','Maybank Singapore'),(9,'UOBKH','UOB Kay Hian'),(10,'Phillip','Phillip Securities'),(11,'CPF','Central Provident Fund Board');
/*!40000 ALTER TABLE `institutions` ENABLE KEYS */;
UNLOCK TABLES;

--
-- Table structure for table `transactions`
--

DROP TABLE IF EXISTS `transactions`;
/*!40101 SET @saved_cs_client     = @@character_set_client */;
/*!50503 SET character_set_client = utf8mb4 */;
CREATE TABLE `transactions` (
  `transaction_id` int NOT NULL AUTO_INCREMENT,
  `account_id` int NOT NULL,
  `date` datetime NOT NULL,
  `type` varchar(8) NOT NULL,
  `amount` decimal(10,2) NOT NULL,
  PRIMARY KEY (`transaction_id`),
  KEY `fk_account_id_idx` (`account_id`),
  CONSTRAINT `fk_account_id` FOREIGN KEY (`account_id`) REFERENCES `accounts` (`account_id`)
) ENGINE=InnoDB AUTO_INCREMENT=625 DEFAULT CHARSET=utf8mb4 COLLATE=utf8mb4_0900_ai_ci;
/*!40101 SET character_set_client = @saved_cs_client */;

--
-- Dumping data for table `transactions`
--

LOCK TABLES `transactions` WRITE;
/*!40000 ALTER TABLE `transactions` DISABLE KEYS */;
INSERT INTO `transactions` VALUES (1,34,'2020-02-10 20:07:00','credit',884.71),(2,49,'2020-02-11 14:12:00','credit',478.76),(3,55,'2020-02-12 08:04:00','credit',961.58),(4,80,'2020-02-12 21:08:00','credit',1.10),(5,31,'2020-02-13 11:49:00','credit',437.72),(6,82,'2020-02-13 17:04:00','debit',697.08),(7,22,'2020-02-13 23:10:00','credit',555.99),(8,66,'2020-02-14 08:13:00','credit',209.83),(9,31,'2020-02-15 05:40:00','debit',242.09),(10,75,'2020-02-15 08:47:00','debit',772.09),(11,4,'2020-02-16 06:37:00','debit',849.22),(12,80,'2020-02-16 16:19:00','debit',671.77),(13,90,'2020-02-16 22:29:00','credit',173.72),(14,34,'2020-02-17 18:40:00','debit',366.26),(15,37,'2020-02-18 13:44:00','debit',606.77),(16,22,'2020-02-19 12:42:00','debit',876.88),(17,71,'2020-02-19 22:18:00','credit',539.39),(18,67,'2020-02-20 19:03:00','debit',105.16),(19,4,'2020-02-21 17:53:00','credit',944.20),(20,11,'2020-02-22 14:06:00','credit',439.96),(21,85,'2020-02-22 18:17:00','debit',708.56),(22,49,'2020-02-22 23:22:00','debit',891.03),(23,83,'2020-02-23 14:47:00','debit',415.44),(24,46,'2020-02-23 17:44:00','debit',522.41),(25,19,'2020-02-24 16:40:00','debit',416.10),(26,19,'2020-02-25 14:08:00','debit',599.00),(27,36,'2020-02-26 02:29:00','credit',814.73),(28,3,'2020-02-26 02:37:00','credit',478.84),(29,73,'2020-02-26 10:26:00','debit',488.71),(30,37,'2020-02-26 16:56:00','credit',50.94),(31,91,'2020-02-27 02:47:00','debit',413.92),(32,58,'2020-02-27 06:50:00','credit',30.85),(33,85,'2020-02-27 09:55:00','credit',793.91),(34,72,'2020-02-28 00:53:00','credit',121.83),(35,45,'2020-02-29 00:42:00','credit',134.15),(36,39,'2020-02-29 06:11:00','debit',48.84),(37,67,'2020-02-29 20:08:00','debit',439.05),(38,75,'2020-03-01 15:10:00','credit',720.80),(39,78,'2020-03-02 07:34:00','credit',859.10),(40,77,'2020-03-02 19:03:00','credit',935.38),(41,14,'2020-03-03 01:55:00','credit',576.34),(42,82,'2020-03-03 14:56:00','credit',908.99),(43,38,'2020-03-04 06:33:00','debit',414.57),(44,18,'2020-03-04 10:54:00','credit',783.22),(45,13,'2020-03-04 14:09:00','credit',758.84),(46,45,'2020-03-04 22:35:00','debit',696.71),(47,24,'2020-03-05 02:02:00','credit',546.58),(48,78,'2020-03-05 19:43:00','credit',899.43),(49,53,'2020-03-05 22:03:00','credit',943.18),(50,33,'2020-03-06 19:15:00','credit',293.76),(51,21,'2020-03-07 06:00:00','credit',532.78),(52,68,'2020-03-07 07:35:00','debit',706.73),(53,60,'2020-03-07 23:57:00','credit',93.36),(54,51,'2020-03-08 02:38:00','credit',196.82),(55,7,'2020-03-08 06:09:00','debit',121.42),(56,89,'2020-03-08 21:28:00','credit',809.63),(57,42,'2020-03-09 09:33:00','debit',108.16),(58,89,'2020-03-09 15:02:00','credit',380.71),(59,20,'2020-03-10 11:04:00','credit',385.32),(60,25,'2020-03-10 17:44:00','debit',269.29),(61,49,'2020-03-11 05:35:00','debit',558.15),(62,91,'2020-03-11 09:46:00','debit',240.40),(63,75,'2020-03-12 00:34:00','debit',761.74),(64,41,'2020-03-12 20:26:00','debit',955.99),(65,89,'2020-03-13 01:33:00','credit',546.42),(66,7,'2020-03-13 10:21:00','credit',826.93),(67,46,'2020-03-14 00:14:00','debit',702.11),(68,20,'2020-03-14 16:22:00','debit',6.74),(69,81,'2020-03-15 04:13:00','credit',741.68),(70,75,'2020-03-15 07:37:00','debit',161.54),(71,49,'2020-03-15 22:26:00','credit',915.47),(72,71,'2020-03-16 20:04:00','credit',807.66),(73,10,'2020-03-16 22:07:00','debit',100.23),(74,23,'2020-03-17 14:19:00','debit',789.59),(75,68,'2020-03-17 16:45:00','debit',991.01),(76,4,'2020-03-17 23:13:00','debit',786.43),(77,10,'2020-03-18 19:19:00','credit',295.83),(78,30,'2020-03-18 21:12:00','credit',896.08),(79,13,'2020-03-18 21:41:00','debit',336.26),(80,24,'2020-03-19 00:15:00','credit',912.14),(81,77,'2020-03-19 11:33:00','debit',972.20),(82,34,'2020-03-20 00:59:00','debit',357.72),(83,69,'2020-03-20 16:23:00','debit',952.13),(84,49,'2020-03-21 13:34:00','credit',275.34),(85,57,'2020-03-22 08:19:00','debit',259.37),(86,27,'2020-03-22 20:18:00','debit',411.81),(87,43,'2020-03-23 19:28:00','debit',974.89),(88,89,'2020-03-24 18:34:00','debit',213.02),(89,32,'2020-03-25 15:28:00','credit',801.46),(90,29,'2020-03-25 19:41:00','debit',822.42),(91,74,'2020-03-26 19:36:00','credit',218.63),(92,6,'2020-03-27 10:15:00','debit',424.62),(93,27,'2020-03-28 08:20:00','credit',140.91),(94,81,'2020-03-28 09:38:00','credit',21.13),(95,36,'2020-03-29 08:28:00','debit',828.90),(96,79,'2020-03-29 14:46:00','credit',551.81),(97,73,'2020-03-30 06:16:00','debit',610.26),(98,6,'2020-03-30 20:27:00','credit',352.83),(99,21,'2020-03-30 23:27:00','credit',219.82),(100,36,'2020-03-31 10:10:00','credit',202.11),(101,56,'2020-03-31 19:02:00','debit',147.07),(102,52,'2020-04-01 06:36:00','debit',735.05),(103,57,'2020-04-02 04:57:00','debit',320.11),(104,76,'2020-04-03 02:58:00','debit',192.32),(105,58,'2020-04-03 22:45:00','credit',821.74),(106,72,'2020-04-04 12:48:00','credit',703.15),(107,40,'2020-04-05 03:15:00','debit',338.22),(108,18,'2020-04-05 07:26:00','debit',829.59),(109,5,'2020-04-05 17:34:00','credit',189.57),(110,53,'2020-04-06 14:40:00','debit',568.93),(111,17,'2020-04-06 21:09:00','credit',659.29),(112,76,'2020-04-07 14:19:00','credit',42.93),(113,75,'2020-04-08 03:14:00','credit',982.66),(114,69,'2020-04-08 08:07:00','debit',621.43),(115,17,'2020-04-08 13:08:00','credit',680.34),(116,15,'2020-04-08 21:36:00','credit',655.09),(117,84,'2020-04-09 13:35:00','credit',606.64),(118,88,'2020-04-09 14:57:00','debit',902.10),(119,65,'2020-04-09 19:06:00','debit',677.70),(120,53,'2020-04-10 12:34:00','credit',252.11),(121,25,'2020-04-11 08:07:00','debit',503.72),(122,49,'2020-04-12 05:52:00','debit',54.42),(123,56,'2020-04-12 10:30:00','debit',226.38),(124,40,'2020-04-12 13:29:00','credit',704.58),(125,4,'2020-04-13 12:07:00','credit',9.97),(126,28,'2020-04-14 03:24:00','credit',1.49),(127,22,'2020-04-14 19:53:00','debit',935.27),(128,11,'2020-04-15 14:27:00','credit',245.99),(129,74,'2020-04-15 17:39:00','credit',441.49),(130,2,'2020-04-16 12:19:00','credit',945.87),(131,54,'2020-04-17 07:01:00','debit',737.44),(132,20,'2020-04-17 17:58:00','debit',377.25),(133,29,'2020-04-18 01:54:00','debit',486.71),(134,91,'2020-04-18 12:12:00','credit',18.64),(135,45,'2020-04-19 12:00:00','debit',20.36),(136,47,'2020-04-19 22:00:00','debit',474.67),(137,67,'2020-04-19 23:45:00','debit',502.19),(138,37,'2020-04-20 04:08:00','credit',671.87),(139,86,'2020-04-20 23:11:00','debit',966.73),(140,30,'2020-04-21 21:08:00','credit',638.04),(141,62,'2020-04-22 13:04:00','credit',482.59),(142,52,'2020-04-23 06:51:00','credit',50.33),(143,57,'2020-04-24 01:28:00','credit',912.83),(144,60,'2020-04-24 23:18:00','debit',209.37),(145,54,'2020-04-25 02:36:00','credit',244.77),(146,34,'2020-04-25 07:36:00','debit',309.92),(147,89,'2020-04-25 13:47:00','debit',234.78),(148,23,'2020-04-25 20:41:00','credit',336.31),(149,19,'2020-04-26 04:41:00','credit',276.70),(150,59,'2020-04-26 16:42:00','credit',711.89),(151,9,'2020-04-26 22:43:00','credit',553.80),(152,1,'2020-04-27 12:37:00','credit',546.60),(153,61,'2020-04-27 15:59:00','debit',319.60),(154,84,'2020-04-27 16:23:00','credit',639.50),(155,49,'2020-04-27 21:01:00','credit',463.86),(156,62,'2020-04-28 00:41:00','credit',991.03),(157,81,'2020-04-28 07:18:00','credit',539.42),(158,56,'2020-04-29 01:25:00','credit',207.83),(159,30,'2020-04-29 08:12:00','debit',291.77),(160,59,'2020-04-29 18:08:00','credit',413.95),(161,32,'2020-04-29 23:43:00','debit',70.12),(162,23,'2020-04-30 03:07:00','debit',943.44),(163,19,'2020-04-30 11:34:00','debit',279.86),(164,64,'2020-05-01 01:56:00','credit',303.99),(165,52,'2020-05-01 17:49:00','credit',635.83),(166,89,'2020-05-02 06:24:00','credit',479.98),(167,40,'2020-05-03 06:22:00','debit',433.35),(168,14,'2020-05-03 09:29:00','debit',275.96),(169,3,'2020-05-03 15:39:00','debit',363.66),(170,17,'2020-05-04 12:44:00','debit',796.08),(171,39,'2020-05-05 10:17:00','credit',356.04),(172,7,'2020-05-05 23:47:00','credit',890.61),(173,6,'2020-05-06 09:59:00','credit',922.30),(174,44,'2020-05-06 14:58:00','debit',997.06),(175,6,'2020-05-07 11:26:00','credit',146.64),(176,76,'2020-05-08 05:09:00','debit',957.16),(177,73,'2020-05-08 11:18:00','debit',201.47),(178,24,'2020-05-08 22:58:00','credit',688.76),(179,50,'2020-05-09 14:01:00','credit',665.38),(180,65,'2020-05-09 19:04:00','credit',364.98),(181,42,'2020-05-10 11:41:00','debit',400.70),(182,7,'2020-05-11 01:22:00','credit',645.08),(183,2,'2020-05-11 20:22:00','debit',352.22),(184,63,'2020-05-12 07:29:00','credit',641.70),(185,33,'2020-05-12 15:13:00','debit',94.51),(186,68,'2020-05-13 00:03:00','debit',652.49),(187,11,'2020-05-13 12:12:00','debit',645.82),(188,35,'2020-05-13 18:12:00','debit',687.92),(189,38,'2020-05-14 04:23:00','credit',859.52),(190,5,'2020-05-14 08:53:00','debit',441.64),(191,82,'2020-05-15 05:14:00','debit',873.51),(192,86,'2020-05-16 03:08:00','debit',909.79),(193,2,'2020-05-16 09:48:00','debit',629.78),(194,83,'2020-05-16 12:53:00','debit',767.57),(195,52,'2020-05-16 20:56:00','debit',116.02),(196,35,'2020-05-17 06:56:00','credit',919.49),(197,55,'2020-05-18 06:38:00','debit',787.69),(198,43,'2020-05-18 19:24:00','credit',195.80),(199,12,'2020-05-19 11:13:00','debit',677.86),(200,33,'2020-05-19 17:33:00','debit',165.62),(201,88,'2020-05-20 01:41:00','credit',577.88),(202,79,'2020-05-20 22:43:00','credit',203.49),(203,52,'2020-05-21 21:53:00','debit',825.06),(204,62,'2020-05-22 12:16:00','credit',220.77),(205,11,'2020-05-23 01:03:00','debit',745.64),(206,67,'2020-05-23 04:36:00','credit',666.31),(207,66,'2020-05-23 08:49:00','credit',39.34),(208,28,'2020-05-23 21:16:00','debit',895.24),(209,16,'2020-05-24 15:42:00','debit',959.18),(210,78,'2020-05-25 06:58:00','debit',871.69),(211,56,'2020-05-26 02:29:00','debit',9.52),(212,22,'2020-05-26 19:06:00','debit',872.54),(213,44,'2020-05-27 18:47:00','credit',40.42),(214,84,'2020-05-28 00:50:00','debit',620.88),(215,88,'2020-05-28 04:08:00','debit',119.14),(216,45,'2020-05-29 01:40:00','credit',172.09),(217,9,'2020-05-29 08:27:00','debit',676.05),(218,83,'2020-05-29 19:50:00','credit',371.61),(219,70,'2020-05-29 21:55:00','debit',967.08),(220,21,'2020-05-30 02:41:00','debit',133.20),(221,44,'2020-05-30 21:54:00','credit',30.70),(222,12,'2020-05-31 01:48:00','debit',864.59),(223,50,'2020-05-31 06:51:00','debit',944.55),(224,58,'2020-06-01 02:54:00','debit',5.93),(225,14,'2020-06-01 03:48:00','debit',450.90),(226,71,'2020-06-01 08:51:00','credit',665.48),(227,81,'2020-06-02 05:34:00','debit',235.48),(228,40,'2020-06-02 19:48:00','debit',741.54),(229,85,'2020-06-03 04:06:00','credit',725.01),(230,86,'2020-06-03 16:02:00','credit',613.53),(231,86,'2020-06-04 06:03:00','debit',885.09),(232,48,'2020-06-04 09:18:00','debit',54.75),(233,36,'2020-06-04 21:19:00','credit',494.42),(234,81,'2020-06-05 13:28:00','credit',377.59),(235,76,'2020-06-05 14:07:00','credit',333.57),(236,86,'2020-06-06 12:25:00','debit',464.31),(237,30,'2020-06-07 01:32:00','credit',609.45),(238,71,'2020-06-07 06:09:00','credit',988.67),(239,25,'2020-06-08 00:45:00','debit',242.08),(240,76,'2020-06-08 08:41:00','debit',599.14),(241,68,'2020-06-08 21:46:00','debit',22.87),(242,33,'2020-06-09 03:34:00','credit',704.78),(243,5,'2020-06-09 10:33:00','credit',324.97),(244,76,'2020-06-09 19:49:00','debit',248.60),(245,2,'2020-06-10 17:02:00','debit',889.52),(246,74,'2020-06-10 20:00:00','credit',210.98),(247,68,'2020-06-11 10:56:00','debit',896.17),(248,72,'2020-06-11 18:03:00','debit',143.67),(249,53,'2020-06-12 14:09:00','debit',148.64),(250,67,'2020-06-13 05:41:00','debit',274.31),(251,37,'2020-06-13 21:17:00','debit',391.02),(252,27,'2020-06-13 22:07:00','credit',408.43),(253,91,'2020-06-14 04:15:00','credit',89.98),(254,53,'2020-06-14 23:49:00','debit',487.62),(255,27,'2020-06-15 14:12:00','debit',717.43),(256,4,'2020-06-15 16:36:00','credit',487.15),(257,28,'2020-06-15 20:25:00','credit',305.40),(258,22,'2020-06-16 05:45:00','credit',974.66),(259,70,'2020-06-17 04:12:00','debit',198.92),(260,22,'2020-06-17 18:58:00','credit',604.36),(261,56,'2020-06-18 11:29:00','credit',110.53),(262,37,'2020-06-18 21:13:00','debit',249.64),(263,51,'2020-06-19 07:51:00','debit',479.03),(264,69,'2020-06-19 20:54:00','debit',280.88),(265,29,'2020-06-20 09:04:00','debit',751.47),(266,38,'2020-06-21 02:39:00','debit',644.76),(267,32,'2020-06-21 19:15:00','debit',358.95),(268,57,'2020-06-21 22:24:00','credit',130.11),(269,79,'2020-06-22 20:29:00','debit',398.89),(270,69,'2020-06-23 11:41:00','credit',308.81),(271,21,'2020-06-24 06:45:00','credit',469.58),(272,76,'2020-06-25 01:50:00','credit',328.98),(273,82,'2020-06-25 19:26:00','credit',292.80),(274,62,'2020-06-26 15:19:00','debit',119.43),(275,36,'2020-06-27 14:28:00','debit',285.55),(276,88,'2020-06-27 16:47:00','credit',0.71),(277,58,'2020-06-28 13:41:00','credit',66.86),(278,63,'2020-06-29 11:35:00','credit',891.29),(279,49,'2020-06-30 05:38:00','credit',840.24),(280,28,'2020-06-30 08:10:00','debit',67.79),(281,55,'2020-07-01 02:22:00','debit',351.36),(282,81,'2020-07-01 20:53:00','credit',46.11),(283,32,'2020-07-02 17:10:00','debit',9.34),(284,89,'2020-07-02 17:14:00','debit',142.55),(285,85,'2020-07-03 01:31:00','debit',907.66),(286,43,'2020-07-03 20:36:00','credit',523.33),(287,87,'2020-07-04 03:40:00','debit',179.08),(288,77,'2020-07-04 16:08:00','credit',236.88),(289,14,'2020-07-05 00:31:00','debit',941.49),(290,27,'2020-07-05 20:14:00','credit',564.09),(291,39,'2020-07-06 11:51:00','debit',482.63),(292,25,'2020-07-07 00:53:00','debit',816.75),(293,31,'2020-07-07 07:38:00','credit',178.72),(294,64,'2020-07-07 15:04:00','credit',451.61),(295,5,'2020-07-08 12:37:00','debit',525.02),(296,4,'2020-07-09 11:46:00','credit',97.33),(297,63,'2020-07-10 11:13:00','debit',215.13),(298,61,'2020-07-11 08:15:00','credit',698.94),(299,5,'2020-07-11 18:09:00','credit',372.67),(300,31,'2020-07-12 04:58:00','debit',788.19),(301,8,'2020-07-12 14:39:00','debit',238.97),(302,59,'2020-07-13 12:21:00','credit',271.61),(303,21,'2020-07-14 03:40:00','debit',728.13),(304,16,'2020-07-15 00:51:00','debit',308.45),(305,20,'2020-07-15 01:55:00','credit',423.30),(306,45,'2020-07-15 14:36:00','debit',379.50),(307,4,'2020-07-16 09:25:00','credit',306.61),(308,57,'2020-07-16 18:25:00','credit',159.84),(309,47,'2020-07-16 18:52:00','debit',611.65),(310,7,'2020-07-17 15:12:00','credit',485.93),(311,46,'2020-07-18 01:44:00','credit',167.82),(312,72,'2020-07-18 04:26:00','credit',682.81),(313,85,'2020-07-18 04:47:00','credit',854.46),(314,35,'2020-07-18 05:47:00','credit',431.32),(315,78,'2020-07-19 00:44:00','debit',593.70),(316,14,'2020-07-19 23:48:00','debit',515.29),(317,76,'2020-07-20 02:14:00','debit',711.71),(318,19,'2020-07-20 11:15:00','debit',400.79),(319,61,'2020-07-20 11:18:00','debit',502.73),(320,14,'2020-07-20 22:56:00','credit',721.97),(321,88,'2020-07-21 00:00:00','credit',734.55),(322,26,'2020-07-21 23:20:00','credit',747.52),(323,85,'2020-07-22 02:51:00','debit',78.83),(324,43,'2020-07-22 07:09:00','credit',439.87),(325,11,'2020-07-22 13:19:00','credit',679.93),(326,21,'2020-07-23 07:26:00','credit',863.22),(327,86,'2020-07-23 19:14:00','credit',426.77),(328,11,'2020-07-23 23:16:00','credit',579.06),(329,44,'2020-07-24 05:36:00','credit',714.09),(330,44,'2020-07-24 07:39:00','credit',968.63),(331,42,'2020-07-24 20:11:00','debit',409.29),(332,73,'2020-07-25 04:41:00','credit',672.53),(333,27,'2020-07-25 20:34:00','credit',790.88),(334,81,'2020-07-26 07:38:00','debit',53.23),(335,6,'2020-07-27 01:45:00','debit',143.79),(336,59,'2020-07-27 22:45:00','credit',29.69),(337,19,'2020-07-28 04:48:00','debit',832.33),(338,30,'2020-07-28 15:35:00','debit',339.35),(339,39,'2020-07-28 16:43:00','debit',622.69),(340,27,'2020-07-29 03:49:00','debit',69.44),(341,88,'2020-07-29 09:47:00','debit',658.91),(342,78,'2020-07-29 13:39:00','debit',647.58),(343,18,'2020-07-30 11:53:00','credit',482.53),(344,84,'2020-07-30 20:07:00','debit',74.39),(345,57,'2020-07-31 19:40:00','credit',218.16),(346,58,'2020-08-01 00:32:00','credit',405.47),(347,65,'2020-08-01 19:37:00','credit',920.18),(348,60,'2020-08-02 19:36:00','debit',653.91),(349,34,'2020-08-02 23:14:00','debit',651.30),(350,25,'2020-08-03 01:22:00','debit',882.01),(351,55,'2020-08-03 22:47:00','credit',325.68),(352,44,'2020-08-04 19:58:00','debit',498.03),(353,27,'2020-08-05 13:40:00','credit',414.67),(354,36,'2020-08-06 03:27:00','credit',264.19),(355,56,'2020-08-06 03:53:00','debit',594.70),(356,23,'2020-08-06 06:11:00','debit',187.65),(357,82,'2020-08-07 02:00:00','debit',786.87),(358,61,'2020-08-07 15:54:00','debit',428.17),(359,36,'2020-08-08 06:28:00','credit',122.71),(360,34,'2020-08-09 04:52:00','credit',489.67),(361,15,'2020-08-10 02:35:00','debit',156.48),(362,66,'2020-08-11 00:10:00','credit',148.90),(363,5,'2020-08-11 10:10:00','debit',789.99),(364,54,'2020-08-12 08:51:00','debit',279.95),(365,79,'2020-08-12 23:40:00','credit',880.32),(366,22,'2020-08-13 20:16:00','debit',435.07),(367,58,'2020-08-14 17:51:00','debit',659.69),(368,88,'2020-08-14 20:02:00','credit',164.66),(369,50,'2020-08-15 13:21:00','credit',30.22),(370,82,'2020-08-16 08:23:00','credit',174.48),(371,45,'2020-08-17 07:11:00','debit',112.81),(372,55,'2020-08-17 19:55:00','debit',600.08),(373,67,'2020-08-17 20:43:00','debit',775.83),(374,84,'2020-08-18 11:23:00','credit',184.99),(375,14,'2020-08-19 10:59:00','credit',984.95),(376,42,'2020-08-19 12:53:00','credit',743.92),(377,52,'2020-08-19 15:08:00','debit',179.65),(378,19,'2020-08-20 09:43:00','debit',627.70),(379,4,'2020-08-21 02:27:00','debit',550.95),(380,75,'2020-08-21 08:32:00','debit',262.83),(381,10,'2020-08-21 21:28:00','debit',787.53),(382,79,'2020-08-22 16:23:00','debit',402.86),(383,87,'2020-08-23 00:33:00','credit',385.40),(384,56,'2020-08-23 12:34:00','debit',963.16),(385,41,'2020-08-23 23:44:00','credit',692.75),(386,40,'2020-08-24 07:43:00','debit',540.46),(387,84,'2020-08-25 02:20:00','credit',812.45),(388,28,'2020-08-25 19:29:00','debit',996.66),(389,81,'2020-08-26 16:43:00','debit',698.44),(390,65,'2020-08-27 04:45:00','debit',395.34),(391,70,'2020-08-28 02:06:00','credit',814.76),(392,22,'2020-08-28 06:49:00','credit',809.83),(393,35,'2020-08-28 23:17:00','debit',540.11),(394,80,'2020-08-29 05:43:00','credit',308.04),(395,44,'2020-08-29 10:42:00','debit',634.73),(396,85,'2020-08-29 14:45:00','credit',519.54),(397,82,'2020-08-30 09:44:00','credit',292.92),(398,89,'2020-08-30 15:56:00','credit',644.59),(399,89,'2020-08-31 10:57:00','debit',4.61),(400,20,'2020-09-01 08:49:00','credit',775.15),(401,29,'2020-09-02 00:50:00','debit',378.97),(402,58,'2020-09-02 08:01:00','credit',31.91),(403,12,'2020-09-03 02:27:00','debit',531.05),(404,21,'2020-09-03 04:54:00','debit',873.33),(405,65,'2020-09-04 01:51:00','credit',37.47),(406,86,'2020-09-04 08:15:00','debit',250.74),(407,71,'2020-09-04 18:55:00','debit',888.54),(408,24,'2020-09-05 08:41:00','debit',533.32),(409,89,'2020-09-05 18:08:00','debit',169.03),(410,17,'2020-09-05 18:20:00','debit',726.76),(411,80,'2020-09-06 07:24:00','debit',951.69),(412,43,'2020-09-06 20:03:00','debit',862.84),(413,56,'2020-09-07 17:00:00','credit',743.09),(414,72,'2020-09-07 17:55:00','credit',960.89),(415,73,'2020-09-08 00:19:00','debit',189.71),(416,87,'2020-09-08 08:48:00','debit',233.82),(417,86,'2020-09-09 06:23:00','debit',776.11),(418,17,'2020-09-09 12:46:00','credit',429.63),(419,59,'2020-09-10 00:53:00','debit',468.41),(420,63,'2020-09-10 13:02:00','credit',471.43),(421,82,'2020-09-10 14:34:00','credit',929.83),(422,50,'2020-09-10 18:04:00','debit',292.65),(423,43,'2020-09-10 19:21:00','debit',270.32),(424,66,'2020-09-11 06:24:00','credit',405.44),(425,13,'2020-09-11 19:01:00','debit',114.33),(426,82,'2020-09-12 12:45:00','debit',231.51),(427,25,'2020-09-12 15:58:00','debit',441.07),(428,30,'2020-09-13 08:04:00','credit',249.27),(429,3,'2020-09-13 17:26:00','credit',577.76),(430,42,'2020-09-13 20:08:00','debit',380.60),(431,70,'2020-09-14 02:51:00','debit',516.09),(432,54,'2020-09-14 04:13:00','credit',327.38),(433,46,'2020-09-14 14:09:00','credit',156.91),(434,37,'2020-09-15 00:26:00','debit',86.91),(435,81,'2020-09-15 11:24:00','credit',379.46),(436,30,'2020-09-15 11:43:00','credit',875.70),(437,36,'2020-09-16 10:11:00','credit',794.09),(438,50,'2020-09-16 22:46:00','credit',838.64),(439,14,'2020-09-17 03:50:00','credit',70.55),(440,52,'2020-09-17 06:28:00','credit',819.79),(441,72,'2020-09-17 18:17:00','credit',789.25),(442,80,'2020-09-18 01:04:00','debit',613.71),(443,1,'2020-09-18 16:58:00','credit',289.80),(444,36,'2020-09-18 20:01:00','credit',980.53),(445,68,'2020-09-18 20:12:00','credit',310.31),(446,52,'2020-09-19 12:29:00','credit',687.15),(447,1,'2020-09-20 10:42:00','credit',44.25),(448,59,'2020-09-20 11:29:00','credit',739.45),(449,12,'2020-09-20 22:38:00','debit',258.03),(450,4,'2020-09-21 16:03:00','credit',168.33),(451,9,'2020-09-21 19:15:00','debit',401.13),(452,56,'2020-09-22 00:24:00','credit',549.01),(453,22,'2020-09-22 10:27:00','credit',168.37),(454,2,'2020-09-22 19:34:00','debit',896.81),(455,83,'2020-09-23 16:29:00','debit',121.00),(456,19,'2020-09-24 11:11:00','credit',885.38),(457,11,'2020-09-24 18:12:00','debit',798.60),(458,12,'2020-09-24 18:49:00','credit',478.66),(459,88,'2020-09-25 16:27:00','credit',358.88),(460,54,'2020-09-25 23:07:00','credit',370.58),(461,37,'2020-09-26 10:54:00','credit',653.81),(462,60,'2020-09-26 16:57:00','credit',38.27),(463,23,'2020-09-27 12:44:00','debit',74.98),(464,65,'2020-09-27 19:19:00','credit',373.60),(465,62,'2020-09-28 18:03:00','debit',111.68),(466,60,'2020-09-29 16:29:00','debit',283.32),(467,24,'2020-09-30 13:42:00','debit',222.89),(468,54,'2020-10-01 10:14:00','credit',622.67),(469,29,'2020-10-02 02:02:00','debit',184.85),(470,42,'2020-10-02 06:04:00','debit',752.72),(471,89,'2020-10-02 21:50:00','credit',540.73),(472,90,'2020-10-03 15:30:00','credit',427.66),(473,62,'2020-10-04 12:56:00','credit',702.26),(474,67,'2020-10-05 04:50:00','debit',167.86),(475,7,'2020-10-05 18:23:00','credit',5.59),(476,88,'2020-10-06 12:44:00','debit',601.60),(477,9,'2020-10-06 13:53:00','debit',271.27),(478,57,'2020-10-07 10:29:00','debit',189.69),(479,37,'2020-10-08 02:21:00','credit',16.34),(480,88,'2020-10-08 11:06:00','credit',165.84),(481,70,'2020-10-08 16:35:00','credit',298.21),(482,71,'2020-10-09 14:31:00','credit',816.17),(483,85,'2020-10-09 23:09:00','credit',160.35),(484,38,'2020-10-10 05:44:00','debit',172.30),(485,75,'2020-10-10 20:42:00','credit',654.42),(486,26,'2020-10-11 17:23:00','credit',116.54),(487,39,'2020-10-11 20:16:00','debit',294.74),(488,75,'2020-10-12 19:12:00','credit',320.23),(489,61,'2020-10-12 21:02:00','credit',327.73),(490,31,'2020-10-13 00:58:00','credit',498.81),(491,91,'2020-10-14 00:09:00','credit',106.25),(492,10,'2020-10-14 22:51:00','credit',449.81),(493,41,'2020-10-15 09:28:00','debit',995.88),(494,63,'2020-10-15 23:47:00','debit',444.70),(495,53,'2020-10-16 17:29:00','credit',417.51),(496,83,'2020-10-16 22:36:00','credit',698.35),(497,49,'2020-10-17 17:03:00','debit',224.24),(498,60,'2020-10-18 07:41:00','debit',586.49),(499,4,'2020-10-18 08:52:00','debit',65.65),(500,70,'2020-10-18 19:11:00','debit',856.90),(501,73,'2020-10-19 02:08:00','debit',786.45),(502,77,'2020-10-19 16:38:00','debit',833.68),(503,54,'2020-10-20 14:42:00','debit',274.86),(504,67,'2020-10-20 21:47:00','credit',31.16),(505,46,'2020-10-21 12:11:00','credit',185.49),(506,48,'2020-10-21 17:07:00','credit',735.50),(507,70,'2020-10-21 23:15:00','debit',408.06),(508,70,'2020-10-22 11:22:00','debit',377.94),(509,84,'2020-10-22 14:42:00','credit',807.41),(510,4,'2020-10-23 00:07:00','credit',107.80),(511,21,'2020-10-23 18:11:00','debit',99.71),(512,28,'2020-10-23 22:53:00','credit',423.30),(513,12,'2020-10-23 23:47:00','debit',564.19),(514,38,'2020-10-24 20:14:00','debit',309.90),(515,60,'2020-10-25 11:22:00','credit',312.74),(516,50,'2020-10-26 06:44:00','debit',518.05),(517,28,'2020-10-26 22:36:00','debit',722.81),(518,40,'2020-10-27 01:41:00','credit',436.13),(519,39,'2020-10-27 17:27:00','debit',143.90),(520,59,'2020-10-28 15:12:00','credit',184.15),(521,7,'2020-10-28 15:41:00','credit',539.56),(522,49,'2020-10-29 08:21:00','credit',961.09),(523,29,'2020-10-29 22:56:00','credit',528.93),(524,58,'2020-10-29 23:52:00','debit',930.88),(525,70,'2020-10-30 19:58:00','credit',142.43),(526,33,'2020-10-31 15:09:00','debit',647.93),(527,32,'2020-10-31 18:21:00','debit',144.12),(528,77,'2020-11-01 13:01:00','credit',866.84),(529,88,'2020-11-02 09:17:00','credit',490.10),(530,84,'2020-11-02 10:33:00','debit',921.97),(531,24,'2020-11-02 12:04:00','debit',89.39),(532,9,'2020-11-02 22:49:00','credit',121.56),(533,76,'2020-11-03 02:36:00','credit',284.62),(534,26,'2020-11-03 18:44:00','credit',592.99),(535,61,'2020-11-04 14:32:00','debit',122.97),(536,84,'2020-11-04 19:23:00','debit',467.51),(537,75,'2020-11-05 05:56:00','debit',775.25),(538,47,'2020-11-06 03:47:00','debit',5.68),(539,54,'2020-11-06 20:06:00','debit',834.14),(540,83,'2020-11-07 14:01:00','debit',967.63),(541,59,'2020-11-08 04:07:00','debit',532.87),(542,39,'2020-11-08 18:37:00','debit',817.88),(543,79,'2020-11-09 18:34:00','debit',634.35),(544,44,'2020-11-09 22:52:00','debit',195.94),(545,16,'2020-11-09 23:28:00','debit',857.10),(546,1,'2020-11-10 15:37:00','credit',82.36),(547,42,'2020-11-11 01:11:00','credit',451.49),(548,63,'2020-11-11 22:13:00','credit',890.72),(549,16,'2020-11-12 00:59:00','credit',436.96),(550,5,'2020-11-12 12:53:00','credit',422.17),(551,68,'2020-11-13 04:43:00','debit',296.66),(552,63,'2020-11-13 12:08:00','credit',125.31),(553,76,'2020-11-14 01:54:00','credit',955.00),(554,83,'2020-11-14 20:52:00','credit',440.85),(555,76,'2020-11-15 10:57:00','credit',298.81),(556,78,'2020-11-15 23:55:00','credit',84.76),(557,81,'2020-11-16 21:10:00','credit',779.63),(558,67,'2020-11-17 06:49:00','credit',799.63),(559,39,'2020-11-18 05:57:00','debit',390.24),(560,78,'2020-11-18 08:10:00','debit',951.69),(561,54,'2020-11-19 00:14:00','debit',464.55),(562,22,'2020-11-19 20:53:00','debit',851.27),(563,29,'2020-11-20 07:45:00','debit',984.44),(564,61,'2020-11-21 05:04:00','debit',226.16),(565,31,'2020-11-22 04:35:00','credit',594.89),(566,29,'2020-11-22 23:02:00','credit',768.45),(567,43,'2020-11-23 17:12:00','debit',220.13),(568,63,'2020-11-24 15:57:00','credit',223.22),(569,47,'2020-11-25 06:57:00','debit',610.39),(570,65,'2020-11-25 20:52:00','credit',471.58),(571,48,'2020-11-26 18:04:00','debit',335.72),(572,50,'2020-11-27 02:19:00','credit',243.67),(573,66,'2020-11-28 00:30:00','debit',764.28),(574,35,'2020-11-28 23:22:00','debit',110.91),(575,16,'2020-11-29 00:56:00','debit',921.35),(576,57,'2020-11-29 22:09:00','debit',128.59),(577,49,'2020-11-30 11:16:00','debit',664.61),(578,84,'2020-11-30 17:29:00','credit',448.99),(579,90,'2020-12-01 00:22:00','debit',63.87),(580,27,'2020-12-01 08:43:00','credit',618.45),(581,29,'2020-12-01 23:48:00','debit',307.18),(582,15,'2020-12-02 03:38:00','credit',458.81),(583,16,'2020-12-02 08:01:00','debit',167.03),(584,59,'2020-12-03 07:07:00','credit',550.37),(585,59,'2020-12-03 10:54:00','credit',658.05),(586,81,'2020-12-04 02:41:00','credit',742.90),(587,31,'2020-12-04 07:30:00','credit',574.10),(588,45,'2020-12-04 17:21:00','credit',361.38),(589,72,'2020-12-05 08:49:00','debit',781.49),(590,28,'2020-12-06 02:08:00','credit',682.45),(591,14,'2020-12-06 06:44:00','credit',904.81),(592,30,'2020-12-07 00:07:00','credit',661.66),(593,57,'2020-12-07 19:50:00','credit',932.18),(594,26,'2020-12-08 12:44:00','debit',585.55),(595,49,'2020-12-09 05:59:00','debit',465.18),(596,50,'2020-12-10 04:56:00','debit',548.86),(597,78,'2020-12-10 09:16:00','debit',824.43),(598,22,'2020-12-10 19:18:00','debit',797.05),(599,8,'2020-12-11 05:06:00','credit',817.62),(600,11,'2020-12-12 03:01:00','credit',598.46),(601,70,'2020-12-12 06:33:00','debit',558.10),(602,57,'2020-12-12 23:57:00','credit',148.43),(603,77,'2020-12-13 01:29:00','credit',779.66),(604,22,'2020-12-13 08:08:00','credit',756.70),(605,86,'2020-12-14 01:36:00','credit',152.71),(606,39,'2020-12-14 08:01:00','debit',719.01),(607,31,'2020-12-15 07:50:00','debit',200.71),(608,55,'2020-12-15 09:45:00','debit',431.91),(609,74,'2020-12-15 16:55:00','credit',212.33),(610,21,'2020-12-15 23:52:00','credit',777.10),(611,59,'2020-12-16 13:54:00','credit',190.71),(612,44,'2020-12-17 01:15:00','credit',249.08),(613,1,'2020-12-17 12:27:00','debit',672.29),(614,76,'2020-12-17 18:41:00','debit',604.78),(615,13,'2020-12-18 09:53:00','credit',826.38),(616,9,'2020-12-18 16:10:00','credit',318.39),(617,36,'2020-12-19 01:17:00','debit',583.67),(618,43,'2020-12-19 08:12:00','credit',667.33),(619,76,'2020-12-19 20:40:00','credit',686.46),(620,71,'2020-12-20 03:58:00','credit',201.18),(621,2,'2020-12-20 19:24:00','debit',12.70),(622,49,'2020-12-21 06:15:00','debit',224.19),(623,2,'2020-12-21 18:01:00','credit',708.63),(624,34,'2020-12-22 10:54:00','debit',575.33);
/*!40000 ALTER TABLE `transactions` ENABLE KEYS */;
UNLOCK TABLES;

--
-- Table structure for table `users`
--

DROP TABLE IF EXISTS `users`;
/*!40101 SET @saved_cs_client     = @@character_set_client */;
/*!50503 SET character_set_client = utf8mb4 */;
CREATE TABLE `users` (
  `user_id` int NOT NULL AUTO_INCREMENT,
  `nric` varchar(9) DEFAULT NULL,
  `name` varchar(50) NOT NULL,
  `email` varchar(50) NOT NULL,
  `mobile` int DEFAULT NULL,
  `password` varchar(20) NOT NULL,
  PRIMARY KEY (`user_id`),
  UNIQUE KEY `user_id_UNIQUE` (`user_id`)
) ENGINE=InnoDB AUTO_INCREMENT=21 DEFAULT CHARSET=utf8mb4 COLLATE=utf8mb4_0900_ai_ci;
/*!40101 SET character_set_client = @saved_cs_client */;

--
-- Dumping data for table `users`
--

LOCK TABLES `users` WRITE;
/*!40000 ALTER TABLE `users` DISABLE KEYS */;
INSERT INTO `users` VALUES (1,'S9528836N','Ansel Winstanley','awinstanley0@technorati.com',81291864,'kJWx5N'),(2,'S9701166P','Victor Adelsberg','vadelsberg4@blog.com',995,'abcdef'),(3,'S8937303B','Buckie Secrett','bsecrett2@gnu.org',93922373,'il1BgCWAz'),(4,'S8335341W','Tuckie Scorrer','tscorrer3@mozilla.com',85658666,'PwSM4M'),(5,'S9414487P','Evita Ellaman','eellaman4@sogou.com',94312436,'W4ahCW6Abx'),(6,'S8481086R','Keene Wetter','kwetter5@stanford.edu',95752245,'lKKenndOJKU3'),(7,'S7666431A','Sam Bishopp','sbishopp6@omniture.com',84695872,'UjVlnp'),(8,'S7481902Z','Joyan Jouanet','jjouanet7@cnn.com',81453672,'hH0tub6'),(9,'S8098689B','Adelina Oubridge','aoubridge8@unicef.org',83458160,'QexY4TPf'),(10,'S9152806X','Teena Engley','tengley9@bbb.org',81425170,'wM5etQ5aNr'),(11,'S9933995B','Chanda Pether','cpethera@timesonline.co.uk',94263687,'wqCj7HS'),(12,'S7851678F','Jethro Iorio','jioriob@china.com.cn',93856018,'IylqFUVE6buN'),(13,'S8077362J','Millicent Rustadge','mrustadgec@macromedia.com',95023207,'dKSuvS'),(14,'S8161816G','Worth Shewen','wshewend@examiner.com',86421973,'5p26Wn0G123'),(15,'S7245849O','Piggy Kores','pkorese@cbc.ca',96791772,'8rgeBM41'),(16,'S9838620E','Chev Finnan','cfinnanf@sfgate.com',92534349,'eE301Q'),(17,'S9076187A','Bradley McClune','bmccluneg@eventbrite.com',82023557,'cZdvywszx8qh'),(18,'S7138530M','Dionysus Washtell','dwashtellh@who.int',97890830,'4MbmBBCL8'),(19,'S9298075W','Connor Wagg','cwaggi@sina.com.cn',94980670,'ckDJN5c7Tf3'),(20,'S7591569U','Nathanil Dagwell','ndagwellj@cdc.gov',83825910,'uj0Eg217DL43');
/*!40000 ALTER TABLE `users` ENABLE KEYS */;
UNLOCK TABLES;
/*!40103 SET TIME_ZONE=@OLD_TIME_ZONE */;

/*!40101 SET SQL_MODE=@OLD_SQL_MODE */;
/*!40014 SET FOREIGN_KEY_CHECKS=@OLD_FOREIGN_KEY_CHECKS */;
/*!40014 SET UNIQUE_CHECKS=@OLD_UNIQUE_CHECKS */;
/*!40101 SET CHARACTER_SET_CLIENT=@OLD_CHARACTER_SET_CLIENT */;
/*!40101 SET CHARACTER_SET_RESULTS=@OLD_CHARACTER_SET_RESULTS */;
/*!40101 SET COLLATION_CONNECTION=@OLD_COLLATION_CONNECTION */;
/*!40111 SET SQL_NOTES=@OLD_SQL_NOTES */;

-- Dump completed on 2021-01-04 15:50:40
